feature,global_mean,global_var,mean_cluster_0,var_cluster_0,mean_cluster_1,var_cluster_1,mean_cluster_2,var_cluster_2,mean_cluster_3,var_cluster_3,mean_cluster_4,var_cluster_4,mean_cluster_5,var_cluster_5,mean_cluster_6,var_cluster_6,mean_cluster_7,var_cluster_7,mean_cluster_8,var_cluster_8,mean_cluster_9,var_cluster_9,mean_cluster_10,var_cluster_10
suma pośrednia,3.274994172935565e-17,1.0001843997787214,-0.07701504137330295,4.4510620104151945e-05,-0.06052215024878185,0.013026983707848357,-0.07958074564262363,9.061074973905815e-06,0.3552160660886252,6.361882949193939,-0.06846461826506395,0.00034975456933624354,-0.01955838468390177,0.07796446826335918,-0.07759984775272642,1.2500327959297458e-05,-0.0776540927092085,8.23434073307798e-06,0.012123950768181752,1.4718370742241427,0.35288786455248083,3.572519911575082,-0.0785890916375419,1.7113836815199163e-05
rezerwy długoterminowe,3.0784945225594314e-17,1.0001843997787079,-0.08814915585954075,3.080904934010056e-05,-0.05481206639433586,0.06655603838580486,-0.09072242448868478,2.8505586208249687e-06,0.4091475497608457,6.314493945522105,-0.07767093927223473,0.0008054515607050226,-0.020019760650947793,0.26409765353528614,-0.0891406593346916,1.876958621522924e-05,-0.08819544879900493,5.31300485671223e-05,-0.007741853670094156,1.0835413620444603,0.4097980972045152,3.990519170769496,-0.08947311885225953,2.4685764082734538e-05
amortyzacja i umorzenia,2.161496154137473e-17,1.000184399778702,-0.12047431439704068,3.147485293921721e-05,-0.07722994299952547,0.12293227922729087,-0.12262920744702036,1.9667630503718936e-06,0.5654521323842356,4.811038673520123,-0.10767564333305947,0.0018716858568390252,0.0151492268567472,2.0980925596225317,-0.12112896364484634,2.3194635465327482e-05,-0.12085023134070831,3.544326660903432e-05,-0.04884176077799977,0.3607709799117552,0.49654607939032447,5.127285150329759,-0.12245389949282683,2.343245833073757e-06
kapitał własny przypadający akcjonariuszom jednostki dominującej,3.5697436484997657e-17,1.0001843997787163,-0.16467518195145656,0.00011232189625319624,-0.1404821269517645,0.022964834070005023,-0.17258460184983718,2.5244665324722088e-05,0.7725484770043114,4.788795886714258,-0.13838591670645828,0.00262538106004688,0.0814285330214391,2.0974440445017684,-0.163153602016664,0.00018822830987644024,-0.16985858594985662,2.8697394461240097e-05,-0.07457591932728028,0.7232092076174699,0.5744248757187924,2.489339183374922,-0.16846147056081925,0.00017407604890683
udziały niekontrolujące,1.8994966203026277e-17,1.0001843997787647,-0.06300223853071278,0.0008166341683172839,-0.03213116081160247,0.3805782949956743,-0.06485978256340699,4.976472485562375e-06,0.289732663925288,5.8131596334057,-0.05865976193983112,0.0006216809976646441,-0.03197012847398577,0.033072150491842034,-0.06401415530676341,9.028883223503835e-06,-0.06464862696678798,2.2184713318614176e-06,-0.006874021802424329,1.3742221849537661,0.379902740515803,5.8292061727704185,-0.0646955281571529,4.690516225962784e-06
rezerwy na zobowiązania,4.191992541357523e-17,1.0001843997787232,-0.08788465572199398,6.963798347255003e-05,-0.05488355604953459,0.05944163082229127,-0.08993916579505909,4.950928344205405e-06,0.4086088696777379,6.316192387195234,-0.07895388067890362,0.0006429311158808271,-0.014662517040465659,0.1163201615067697,-0.08865818558250832,1.5287918587486435e-05,-0.08827033668041628,2.218358019696793e-05,-0.02795144174212556,0.286588350903983,0.45630099735922897,7.354794986048683,-0.08811624808363612,0.00016433914284429943
aktywa biologiczne,-1.6374970864677825e-17,1.0001843997786286,-0.04581670389329455,0.00019614530321884698,0.0379203389825208,1.0127317961279736,-0.045553486343970655,0.00020318541613545795,-0.01067348010943468,0.09636080295280408,-0.04061450868654954,0.0029021166755010997,0.022149226696457053,1.9964394512356174,-0.04034353940220555,0.00611891593617097,-0.031005460806848437,0.05646719756508945,0.19024793243476146,6.279597695088611,0.1623900983521155,5.825785967557667,-0.029437768234344287,0.048016422387473584
dotacje i subwencje rządowe,-1.0479981353393808e-17,1.0001843997786353,-0.05899569958043454,0.011939131005492227,-0.06794127224331968,0.0007467254392732746,-0.06966419523638791,6.322980327507731e-05,0.3210483445185684,6.983447705811486,-0.06229968334791964,0.009782024284149309,0.051381253488769124,0.828880254021402,-0.06981636688526731,7.746607438130842e-05,-0.06922247498203689,0.00012973450723670465,-0.011939892053372321,0.10553865874157826,0.11250805450293902,2.7025065622074265,-0.0702326626693247,0.0
fundusze z aktualizacji wyceny,3.438743881582343e-17,1.000184399778732,-0.07854206342724197,1.0446528154253852e-05,0.030214065211647823,1.3678400875119177,-0.035836415859891606,0.051952945253447444,-0.11181739609100468,2.5405364845620335,0.04981469822120164,0.4562875064229659,-0.05734408056616527,0.06452267012718357,0.38297166689256484,5.455347956249858,-0.03918033152106704,0.19829934465734947,-0.00662276350392311,0.6244816970515338,-0.06708924403624482,0.05665145312253862,-0.06602601420280832,0.005176596277786058
pozostałe należności,3.7989932406052554e-17,1.0001843997787183,-0.0946673197200585,0.0006313061185953494,-0.05340528479396382,0.08579993628741221,-0.09873576641933707,0.0001503519854467616,0.3263109011328545,3.5346011270294713,-0.052352927679475685,0.031639928469927574,0.05026100451213175,4.0779745801632705,-0.08430028469515706,0.012893724454556419,-0.0963198178695229,0.00013672712072519526,0.0016605775419509302,0.790415096463624,0.4618014984216311,2.804853809559515,-0.09543314407289578,0.0004951226937294442
pozostałe zobowiązania,3.929993007522678e-17,1.0001843997787256,-0.0824090470104496,5.867017234181996e-05,-0.04641090457098238,0.11732292240404459,-0.08385088309991195,4.1457110995831897e-05,0.36065471223983847,5.7782942852442165,-0.068196449326382,0.002951796683793983,-0.029245499760182286,0.10435336217700962,-0.07850772946312756,0.0012586754673206359,-0.08292954100483238,4.829600337659254e-05,-0.04169390937544492,0.2614607002188298,0.5853181267652211,9.878205885651496,-0.08185984799413028,0.00015366066742031407
pozostałe aktywa trwałe,3.700743415417188e-17,1.0001843997787296,-0.10388985514270771,0.00011914993452596164,-0.0897976903094232,0.009471844519092902,-0.10536172055339912,0.00024164431687556296,0.4092245977996897,3.9544499765191867,-0.08582663746595921,0.0057185312013140685,0.00034494202731568936,1.394232340665585,-0.10067210690029571,0.0014334582953281106,-0.10396568696026548,0.00010612133956364105,-0.04183405667551392,0.5752163714276154,0.8533852533060385,11.771476357162078,-0.10357558062024755,0.00012386683014982587
pozostałe aktywa obrotowe,3.7989932406052554e-17,1.0001843997787225,-0.04884154192490494,2.4409818651271707e-06,-0.04400360269576377,0.0012360736595055627,-0.04926905213172704,7.167177360872115e-05,0.23323965193963406,6.7560599276327045,-0.04564059107396456,6.889614106272145e-05,-0.02867052579234779,0.016337240365478872,-0.048874019567070694,1.988863499324478e-06,-0.04891294318677747,1.579992210339581e-06,0.014650380154549735,1.3557167826130239,0.23889397652001432,2.913533137137207,-0.049126369584532266,1.8395402775464125e-06
pozostałe zobowiązania finansowe,1.964996503761339e-17,1.0001843997788442,-0.07975716221068534,6.266930382232385e-05,-0.06828519264044416,0.011268891309933983,-0.08026744946330075,9.025980813618582e-06,-0.007392143426396974,0.23463509305991287,-0.06721437988321881,0.0037376305880830766,-0.07222601280097835,0.002370666290494029,-0.07753716194530991,0.00021496594504656814,-0.08041898178442174,2.5336179840885897e-06,-0.06328842812519958,0.0301587227030549,2.477288654911475,31.955222253153966,-0.042428708012391535,0.008163484919112762
pozostałe przychody i koszty,-5.239990676696904e-17,1.0001843997785642,0.03613688940567693,8.813967376537806e-05,0.046256001583874044,0.018617105972711004,0.03700494252244081,2.542037830515228e-06,-0.20384468692245813,5.092742725086162,0.038974423075890774,0.0027550961101591703,0.025771698389641776,0.010696921708241913,0.05078964391917829,0.09012410461665316,0.038103007060131956,0.0002557074758573331,0.03399642221532824,0.0015265347465540646,-0.32660353182011276,15.115839904441962,0.03677446047691226,6.866919889709965e-05
pozostałe przychody/koszty,2.947494755642009e-17,1.0001843997787498,-0.03877579984768013,0.000415674792128831,-0.01967653858954486,0.009805316180033335,-0.03834491703316416,2.510202919634254e-05,0.2409899476998488,4.3837838380748,-0.020114114151775896,0.005086184874993051,-0.10547904772289597,0.9074799759480764,-0.03906747559023977,0.00018083833203503145,-0.037624979193025467,0.00017054767114765783,0.06429403653678631,0.49667209963796904,-0.056559116514475524,13.407627336339555,-0.03715327935064464,6.260829779682849e-05
inne zobowiązania krótkoterminowe,4.322992308274946e-17,1.0001843997787192,-0.05393328997148248,2.530552597091423e-05,-0.04657667798462113,0.0016135808517180994,-0.053550083628438584,0.0015055304479728734,0.25302042265331354,6.691273808647318,-0.04546149300627257,0.0007361887340065426,-0.01890914020452473,0.11577537821062144,-0.05323814718305741,3.5622564166866515e-05,-0.0529063209549588,4.484523923293078e-05,0.0217000166111743,1.7989680664676413,0.17417859692347304,1.2166811188565394,-0.05436569251230432,6.6364295586540835e-06
inne zobowiązania długoterminowe,7.466986714293089e-17,1.0001843997787037,-0.06178543754575192,0.010013127239932505,-0.051898209144850556,0.012880993374140691,-0.06636493142013135,0.0008010545115310236,0.27342388235286724,5.4127671826501995,-0.03767959392447249,0.018785032206257282,-0.034216061875762954,0.039357157661451925,-0.06421728449372054,0.002000928944587695,-0.06435899474766352,0.0002859175125699308,0.018183464161941058,2.12293541292646,0.34887710564503693,6.0213440794972355,-0.06672095419678449,5.0253973074854385e-05
pozostałe przychody (koszty) podatkowe,8.907984150384737e-17,1.0001843997788475,-0.0172354827063898,0.0,-0.0172354827063898,0.0,-0.016600896079458728,0.0005214967422682804,-0.0172354827063898,0.0,-0.050367364064458374,0.409562023408405,0.07919972265884964,2.529523135240101,-0.0172354827063898,0.0,-0.0172354827063898,0.0,0.11004473482876914,7.824722573710138,-0.0172354827063898,0.0,-0.017235482706389804,0.0
przepływy pieniężne z innych działalności inwestycyjnych,-1.7029969699264938e-17,1.0001843997786508,0.023241858535019394,3.826028666146374e-05,0.019922328413863027,0.005499810979622045,0.024197066925524816,6.5087579511949e-05,-0.13032755572672347,6.244431193658533,0.01961125838405396,0.001591991798470772,0.04696977308188491,0.6371216146629259,0.02363327829065922,4.736344003083787e-05,0.02370767747174682,4.390373799218325e-05,-0.010813518430625427,0.5994905831354598,-0.13932350952798747,5.7265592402081005,0.023790666895883283,1.2590420256276893e-05
pozostałe składniki kapitału własnego,2.816494988724586e-17,1.0001843997787276,-0.1463383874585064,0.00041015887268502547,-0.11599759891432336,0.012287601857746343,-0.15541955048558614,5.719650972789033e-05,0.6999092226730519,3.3812347217816714,-0.12468564231661043,0.0059095726731196434,0.09332714600610806,3.9698381918693117,-0.1474371275353847,0.0004721718765690103,-0.1502466243647162,0.0002446790593332268,-0.0938059473239474,0.28458461953377395,0.4663921786049212,3.8989508910280213,-0.14696830451636303,0.00042750779841481856
przepływy pieniężne z innych działalności operacyjnych,-4.977991142862059e-17,1.0001843997787445,0.08577016466011805,0.0006301001124492249,0.04568720508010323,0.24770602121454297,0.09031124643133012,1.3729103813758786e-05,-0.3892004620797913,4.23543391104336,0.0803148731278354,0.0027056666656022138,-0.0208249532033075,0.44133016492779237,0.09032463079053608,5.864197676668538e-05,0.09007809391100513,7.348916493200884e-06,-0.02006130570407831,1.821858068021279,-0.23263281662656543,10.03286227913762,0.09269775107278315,0.0006587081674954193
zobowiązanie podatkowe za okres,4.4539920751923684e-17,1.0001843997787183,-0.0787154863410696,0.0014219561613279528,-0.07085870478678177,0.006014652710342561,-0.08565325346346281,6.62620368386102e-06,0.33744428766291945,2.7189972845821497,-0.07459071904136916,0.001011680439039966,0.0017035286997862608,0.10244627251508949,-0.08400751374989958,4.033156562256531e-05,-0.08518305053303193,1.1416267319101688e-05,0.007197432679223394,1.6667481551459018,0.5333368945493159,19.639871000361076,-0.08534417118887427,1.1761561010113935e-05
zysk/strata netto za okres,3.01299463910072e-17,1.0001843997787174,-0.12535021429178392,0.00021428770869050598,-0.1185891442595879,0.07919435268756693,-0.13619164854019725,4.885533518196444e-05,0.4873981086254264,3.911426794476367,-0.13368827454411314,0.005074161782020568,0.21267695322295582,2.6727256692723382,-0.13382271611095206,0.00017286992726978318,-0.1382583644132383,0.00011477848305926947,-0.025231649943713817,1.212080224211021,0.46994884206337345,4.269710981028552,-0.1366654783827148,9.90264021727369e-05
przychód (koszt) podatkowy za okres,-2.947494755642009e-17,1.0001843997787199,0.0847951273330863,0.0010005019636277017,0.06811076970761676,0.04732338172254783,0.08997376441686618,2.7872656805045623e-06,-0.3427712487587663,3.212065469840263,0.07885813719347767,0.0007993840726922202,-0.03167882402379733,0.4547275327184196,0.08848159977349679,1.899522569144533e-05,0.08948045965895336,5.1985303748414795e-06,-0.027430840629073885,3.4269176230665623,-0.41792001207184976,9.707317763566696,0.08983271136140648,3.3779737640485314e-06
przychody przyszłych okresów (z kontraktów z klientami),7.008487530082109e-17,1.000184399778712,-0.057090886211110456,4.910752016401997e-05,-0.042603803469784506,0.0035443223892550344,-0.05933590097277859,6.775870343225981e-06,0.18051959269969822,2.210023556492194,-0.051774714732030595,0.0010434813044890871,0.08363832352291072,4.547176223852468,-0.05867526053993722,3.4664258039788395e-05,-0.05870705314482864,2.0908583884454472e-05,-0.021610108005979806,0.024453598118410007,0.3727409803108326,10.737567008266748,-0.05876199496293103,2.0356572776219964e-05
Ertelenmiş Gelirler (Müşteri Söz.Doğan Yük. Dış.Kal.),3.929993007522678e-18,1.0001843997786488,-0.09689490408671281,0.00016448914554084438,-0.07778379442100751,0.02997561861398519,-0.0979811433917309,2.2832898216348336e-05,0.4698183654422963,6.412951630864978,-0.06475186033336698,0.40918582457425134,0.012094480773244765,0.6308474962273877,-0.09691337444723774,0.00016714722516449027,-0.09513542217937053,0.0020144849616494133,-0.04470654963174281,0.21893623908935864,0.27833886050380413,3.1069921295680865,-0.09759774234942299,2.7174958207533848e-05
odroczony przychód (koszt) podatkowy,3.9954928909813896e-17,1.0001843997787123,-0.01320663150839424,0.0012765410299758495,-0.012888127416219091,0.022072691752558393,-0.013604468850054483,0.0003519755858859229,-0.200986026447268,3.4130006457175925,-0.012392254775499916,0.0025665940200464564,0.18165682064743965,2.997039176223464,-0.012560934125221752,0.0009085946289208086,-0.012305049256645259,0.00023787709372944537,-0.00999504291955773,0.12070300909184635,0.5915503244805305,10.60982921602834,-0.014190074288487385,5.609386686684375e-05
aktywa z tytułu odroczonego podatku,4.912491259403348e-17,1.0001843997787658,-0.09352732595397303,2.0610819944754733e-05,-0.07711886407314474,0.024097548008947423,-0.09496375738680629,6.911900059153574e-06,0.33402640847761234,4.12858734225,-0.0811766683706827,0.002956892167479995,0.08871920397245754,2.8819357155203695,-0.09049876814777805,0.0006262461897348148,-0.09353575052970532,3.2980537959719576e-05,-0.022219060713909493,0.5480988291129393,0.5343641743887748,5.853147743841758,-0.09432941504647449,1.0622107825698691e-05
zobowiązania z tytułu odroczonego podatku,2.5544954548897407e-17,1.0001843997787725,-0.16545459308985458,0.0001200220134046621,-0.10600156101734154,0.5587619844191951,-0.16942578504674016,9.59242156310596e-06,0.8368298723823553,4.909895267991528,-0.14208005223896653,0.00607097573709222,-0.03200149561413646,0.12656909489295418,-0.1651242164629388,0.00014517716513021747,-0.16665134779307664,0.00010345182714099866,-0.12046435863664487,0.15741007824013722,0.7751934964149267,9.469679307172125,-0.1666544330141979,8.931195337958558e-05
należności z działalności finansowej,2.881994872183297e-17,1.0001843997787205,-0.037986430303477405,6.143155720171856e-05,-0.03841185109886772,1.6295235740514678e-14,-0.03839688740718522,4.416768670395736e-08,0.18265508797640392,6.385714218842979,-0.037675343099367924,4.100395682021534e-05,-0.031626256637569614,0.019154188530606294,-0.03840604950150734,7.4397132152750046e-09,-0.0384118575628182,0.0,0.014512756674816812,1.2907918658216275,0.23091417329372138,4.982994598435458,-0.038390669657388986,4.411675054899027e-08
zobowiązania z działalności finansowej,7.728986248127934e-17,1.0001843997786897,-0.038565337852674096,2.657492389602729e-06,-0.03865444555976762,7.502963928065482e-14,-0.03865304838574813,7.352280916134117e-10,0.18275731639012843,6.292008997764637,-0.03809038943401442,3.026068093852231e-05,-0.031717304219542254,0.025162158076911773,-0.03865443926075264,8.82279464021302e-14,-0.038654443868156335,5.957415559360835e-14,0.01199450689487405,1.235858778514067,0.24784540606104455,5.580229151736677,-0.03865248689207461,1.4919129494085525e-10
zobowiązania finansowe,3.53699370677041e-17,1.000184399778729,-0.09019932957354272,4.415426046064595e-05,-0.0677650342658321,0.022662291546782783,-0.09234896043942616,2.689269758239204e-06,0.38363534481547484,6.249176084771919,-0.0721345225810788,0.003124277751162837,-0.003656023480266823,0.24880226134733902,-0.08860229592346816,0.00017035330307078381,-0.08838153513358293,5.101343819456505e-05,0.020382559370057098,1.8806913648751924,0.3969679624826753,1.764609935196485,-0.09073104199705881,1.4750370432084313e-05
inwestycje finansowe,4.0609927744401006e-17,1.0001843997787427,-0.07550867679935544,0.000653929134592235,-0.07191453914918211,0.005579241207835718,-0.08094498090411392,1.6867844533085554e-05,0.3619992794186441,4.78891246347533,-0.07458467973267498,0.000926369367234764,0.029659059096779246,2.024367252454419,-0.07924681633206242,0.00010548175449608036,-0.08123948646112512,4.743824470347306e-06,-0.04267689876741185,0.2569956883312462,0.39509061466881634,7.378490289932112,-0.07551871356770885,0.0045813696599137435
zyski/straty z lat ubiegłych,3.53699370677041e-17,1.0001843997787232,-0.11554623171354096,0.00015186836754452071,-0.10545655011111514,0.0219373708446726,-0.11718553991599552,3.926230250957953e-05,0.5839825443371208,6.468139568931712,-0.11071020059296109,0.00320255264718177,0.010845401944953625,0.6740068130604968,-0.11557494178274616,0.000162782462468123,-0.11686209159510669,4.09388574735329e-05,-0.043614170206912425,0.7290678743229531,0.4049327556811585,2.03990263718156,-0.11693520269172872,0.0003607227880419587
agio emisyjne,1.3754975526329373e-17,1.000184399778809,-0.11816052570865748,0.006505589333292297,-0.07136803979296857,0.03831801543970428,-0.14064402111811117,3.875201980687432e-05,0.4420034335212842,3.5192681962902497,-0.09821207317237292,0.029475796184119014,0.032692419184447014,0.30080901530845705,-0.13743481264814467,0.0003178791965082619,-0.14010081153530277,6.0519998817213306e-05,-0.04980987550499023,0.06018382693322816,1.2201294793086481,18.691973457051795,-0.1393669483444946,0.00023907539722382336
rezerwy ze zysków,3.602493590229122e-17,1.0001843997787359,-0.14521347747530783,0.0001844433065286859,-0.12342191717659733,0.004948488095273148,-0.1510484826165066,3.830236767564517e-05,0.7784432032851966,6.107579227033616,-0.11888603652430275,0.004031213097800718,-0.011034773529030074,0.12110526052386819,-0.144263994746235,0.00029221806928482724,-0.14766092853475235,0.00011581516152338272,-0.08019764334988164,0.1754717534568593,0.405434337832547,6.474010139133785,-0.14883613548815677,4.281085834130664e-05
zmiany w rezerwach,3.53699370677041e-17,1.0001843997787334,-0.08727448423087773,3.677478583272263e-05,-0.06349408701317166,0.017302590599021676,-0.08834796274765912,2.384202229003396e-06,0.3490825080998109,4.132683353328713,-0.07954450610388489,0.0019373720969760703,-0.0076824538739671475,0.31812432314792266,-0.08847617308192757,0.00010776428357685778,-0.08707353602612175,6.130796230269182e-05,-0.010658135167812987,0.4735258982257297,0.652358609373703,16.17217394831348,-0.08852062225650978,1.4456587813477147e-05
korekta kapitału udziałowego wzajemnego (-),-3.7989932406052554e-17,1.0001843997788116,0.03509648440093269,0.005000446266048132,0.11470797841118194,1.5817864561713895,0.05509524230740846,0.013309975502783254,-0.22747499543121089,3.6911070054590196,-0.012512770275293543,0.13185307603837343,-0.014453495337359776,0.14474034509546574,0.08305637609367052,0.10777798735041108,0.043564613266783354,0.0011353070169623032,0.022402366227788174,0.028242694753286165,-0.2660189681952935,15.708696549215187,0.045180769984570136,0.0008542442473861802
aktywa z tytułu prawa do użytkowania,1.1134980187980921e-17,1.0001843997784963,-0.03885431624237742,1.0612139215203784e-06,-0.017768130434436275,0.04360242268935597,-0.03907752430049229,1.9906891145674287e-07,0.1019138640250523,0.785924958325941,-0.03776216066165658,4.1912780252942085e-05,0.08910642329419322,7.88201266017784,-0.03898551916463613,5.968020001084299e-07,-0.03880389342336415,4.060958408650847e-06,-0.03472738613088362,0.000388312446160497,0.2548252755194357,4.321936292720666,-0.03910111681437713,2.029810985686657e-08
rzeczowe aktywa trwałe,2.619995338348452e-17,1.0001843997787179,-0.15740568606513997,0.00021050407072372622,-0.11576713343004422,0.088714423627929,-0.16189598830816562,7.612025370171368e-06,0.7687940392791416,5.972130233817347,-0.12358275306292033,0.004533768311063496,0.023848489689358595,0.8299906539379631,-0.15449236563565674,0.00018979459771927858,-0.15686710929704895,7.254964670633449e-05,-0.06280761081141904,0.8157323130720466,0.4521276199451147,1.7717624646368606,-0.15885549579548686,6.432930914562245e-05
wartości niematerialne i prawne,3.9954928909813896e-17,1.0001843997787159,-0.10596867736176661,6.62822690223731e-05,-0.04920881203027997,1.0037757414533155,-0.10729653974061953,2.7046907891087794e-06,0.4561142794237316,4.3850237264115774,-0.0901603877383224,0.006411187227897442,-0.017762431735270062,0.2931213278050732,-0.10661011352254185,1.573232106068093e-05,-0.10643750058194147,1.263214866000391e-05,-0.06252353023978997,0.20079461407119256,0.7385226407398716,12.624175029146535,-0.10684496590189402,7.409355340449917e-06
zobowiązania z tytułu kontraktów z klientami,0.0,1.0001843997788398,-0.05692912251140436,7.641423482148671e-05,-0.04965941484814699,0.013791814506336111,-0.05836927185523974,6.894687217250116e-06,0.31203293980995833,7.173092395632624,-0.0556209828527203,0.0007624164114902357,-0.035879660434956245,0.017077228241982715,-0.05811060265408094,2.622110924913743e-05,-0.05837554550080898,2.268957981339998e-06,-0.04135792783892597,0.02108961462501779,0.32978926344063897,5.341357410436308,-0.05810156641883584,3.586763284424428e-05
zobowiązania z tytułu kontraktów z klientami.1,7.925485898504067e-17,1.0001843997788593,-0.05588084178532925,8.584127238785582e-05,-0.050847503414908526,0.003591282037195622,-0.056779373366825654,2.0652677777313903e-06,0.28174848408297676,7.175425062726958,-0.04935290911145365,0.00816712922896348,-0.0035147435842449613,0.30620866463247637,-0.054104930357161886,0.0025590870769215835,-0.05679951824236356,1.0147129541024975e-07,-0.03957420129311775,0.015901303298821005,0.2738375877390882,4.317000573987315,-0.05649022238170819,2.532398013424362e-05
aktywa z kontraktów z klientami,-2.619995338348452e-18,1.0001843997787239,-0.06689401042464613,0.0012708144972497972,-0.057490495799779606,0.0164253895699176,-0.07045115202308108,1.6768234128116973e-06,0.4089490032332386,7.61937043136203,-0.0695031453344404,0.00042137581669231207,-0.012429721078064008,0.1756582433822045,-0.06867995294494614,0.0009841649879999623,-0.06869897416871935,0.0007983777570546312,-0.06092613605688405,0.005971971693692094,0.15683628806382588,2.3914529194761838,-0.07035546243462232,6.294600033431674e-06
środki pieniężne i ich ekwiwalenty,4.3884921917336574e-17,1.000184399778717,-0.10499812904141319,8.485981903009466e-05,-0.07122767743045752,0.10455869789965463,-0.10878508930908881,9.539647275507442e-06,0.4893978870163511,6.10439813247037,-0.09138304454604033,0.002169689619000375,-0.0009107137926088505,0.2771811912998858,-0.10612477057860857,5.3344087055386055e-05,-0.10736061913664856,1.5175530340727064e-05,-0.0068817413176080365,1.4725461303968201,0.4045463877197135,3.020148421993437,-0.10803466545820216,9.059846197722854e-06
inwestycje w stały kapitał,-3.274994172935565e-18,1.0001843997787008,0.13510250671950202,0.00014391679980674133,0.10207601461092623,0.0696396632689856,0.1387134815683958,3.672231769621886e-05,-0.6385287438069469,5.575459174948271,0.12084539325958982,0.003296575743690005,-0.04482201176166061,1.1410972345268926,0.13592330449947246,0.0001378465952715949,0.13523072615667694,0.00015874319450566172,0.032634584168640894,0.8886844406285166,-0.4046974092000568,3.2218229988853966,0.13767396288473485,3.7145597897312685e-05
aktywa trwałe przeznaczone do sprzedaży,7.859986015045356e-17,1.0001843997787196,-0.03562447906986857,5.667437479377708e-05,-0.025756498444179397,0.010616565750707737,-0.035720017708337666,7.237721401789877e-05,0.1110640123228971,1.3617910721847177,-0.027658787518163638,0.0019976084488104564,-0.031099573064492608,0.0019411815965318254,-0.034213330815922746,0.0001748755290464138,-0.0346987579344329,0.00013586808544566146,-0.009580873579868846,0.09291871914530019,0.5047340430070889,32.5262120870354,-0.03494874698021867,9.674549620015517e-05
zobowiązania związane z aktywami trwałymi przeznaczonymi do sprzedaży,6.287988812036285e-17,1.000184399778555,-0.025794598357609173,4.2103520413521244e-08,-0.008062075012199405,0.040766776732299566,-0.025742960087856977,3.6269119223743833e-06,0.06388381244544133,2.567914355672516,-0.022398246638407417,0.0007783979397965157,-0.025422563947398395,2.8491254459341285e-05,-0.025665078706876805,3.2768045846452013e-06,-0.02486999899153096,0.000210258334905304,-0.0022828025637367188,0.12224141395826622,0.41888904765119567,26.868984146742964,-0.02484374657028633,0.00021747198843428029
zapasy,1.7357469116558496e-17,1.0001843997787117,-0.13894520617032843,8.265156786377981e-05,-0.0817410418442468,0.18254182664464857,-0.1442563519717713,9.156552440477334e-06,0.6185384587721928,5.196641001533107,-0.1141802831739506,0.0041706273545841785,-0.00721416049859066,0.14077178579752062,-0.13920530196073333,7.201451591399824e-05,-0.13725875359046974,0.00017072766227540004,-0.0033060027284774847,1.1594066949269521,0.5957753189825464,7.611908361875128,-0.1423594610128978,2.451321149951325e-05
należności handlowe,3.929993007522678e-17,1.0001843997787205,-0.1435270932618353,0.0003827581432145372,-0.0992495867379228,0.026512825946965596,-0.1526868822257993,3.384123991665829e-05,0.6225042139293167,6.128261047174199,-0.11522129097372026,0.005312164208223323,-0.0018385503263059686,0.1999265613445356,-0.14522295511559755,0.00023913504278949723,-0.14200042586048459,0.0004221793840067925,0.073098009122651,1.6320691822598774,0.4742624284112482,1.8518202586680732,-0.14948949252936494,6.916518059004507e-05
zobowiązania handlowe,2.947494755642009e-17,1.0001843997787225,-0.1310703866735362,9.835432117191868e-05,-0.05342125945722781,0.2803155017350497,-0.1347338570207065,1.6974912511436967e-05,0.5834692769604958,6.041555877218324,-0.112360962813751,0.0019763041977718062,-0.025224272990547376,0.18743844188571732,-0.13114169752114044,9.954383569382961e-05,-0.12835862876436982,0.00020033433439613883,0.023261460777915317,1.231905553974282,0.4809358102774374,3.3452924643419983,-0.13361157809633564,1.5812158014896514e-05
różnice kursowe,4.5522419003804355e-17,1.000184399778655,-0.04284001086585938,0.00021817441925407947,-0.011874284891686588,0.16093458549097006,-0.043918152246332706,1.1162257353924998e-05,0.06333522768673426,4.991464214537168,-0.005533865542857834,0.09178392480942885,0.12468479684720357,2.132846335749246,-0.04136986310417086,0.0003066392579848258,-0.04324333647837485,3.0657468367502003e-05,-0.020032508414753774,0.16187177950536064,0.15315219301579508,6.27608916966549,-0.043469059132828856,4.3851280134972976e-05
nieruchomości inwestycyjne,2.619995338348452e-17,1.0001843997786994,-0.124520623658241,0.0007005240669010166,-0.12644748406024203,0.0006532440079505874,-0.1324748129374123,0.00010414581269712994,0.6251011930613172,5.4520298909970455,-0.09938811524315258,0.017920198923528276,0.09242823001223338,0.4372123722715608,-0.11848815830452744,0.0011695674836589896,-0.12980663103331155,0.0002927199524815011,-0.11662739494924161,0.005262072553177897,0.37106226385632246,9.90716828514191,-0.12710836103433834,0.0004422092695610455
przychody z działalności inwestycyjnej,5.436490327073038e-17,1.00018439977878,-0.11080213033551711,0.00046526923561065705,-0.10395106501932967,0.008697705651232797,-0.11899969101596558,1.7416444148976123e-05,0.5068317609597501,3.014243478077115,-0.10607864196087971,0.0013535321875121139,0.17542554902088536,5.511540781580634,-0.11365621259878983,0.00048813040539734306,-0.11747355912688547,0.0001098703410457128,-0.0778323049818223,0.11917278039691857,0.20774392208193887,1.4890371371740905,-0.11827400100473372,4.2574027019220373e-05
koszty działalności inwestycyjnej,-2.619995338348452e-18,1.0001843997786415,0.07208813641995122,0.0001934138753559365,0.05773806176364401,0.028168329068443746,0.07367400729607367,0.0015204007565377833,-0.20139696616770372,1.0621988713755242,0.062056572002108505,0.006801985985648384,0.022618451480181007,0.0982424425220201,0.07298446220526085,0.00018554682116757174,0.07414807908523546,3.933403663928955e-05,0.05470971365891859,0.012287299924360172,-1.176321912268963,32.35884532680866,0.07419995477066454,3.142633053954097e-05
rezerwy na świadczenia pracownicze,3.01299463910072e-17,1.0001843997786672,-0.07767671235938176,0.0019902850294088066,-0.039947270787287416,0.041702300646411436,-0.08111780691970728,0.0009491748233280769,0.39483854623939424,8.017885732415326,0.0013856465807456537,0.11092732766400877,-0.07837556781259739,0.01774099253692455,-0.05443292970139568,0.005643976021046286,-0.06247363121098806,0.005346896167219798,-0.020984595442024138,0.08853021966488597,0.04573309785331876,0.32188466492336476,-0.07782326836911121,0.0010102020750985717
kapitał wpłacony,1.964996503761339e-17,1.0001843997787137,-0.26189747607081754,0.0008197049766186742,-0.2336405102969632,0.004571081613194226,-0.2875052266615428,0.0002539484253585218,1.1905411709819655,6.281089251016011,0.0486087447949309,0.04332887811614283,-0.014597651619502694,0.15252630248821833,-0.19041202499395388,0.0039670512562178,-0.2619554996541079,0.0003466600114919615,-0.1497233658945256,0.03259594554247681,0.40344109195353073,1.048199769780206,-0.2551422061660108,0.0003788839714948867
inwestycje wyceniane metodą praw własności,5.239990676696904e-18,1.000184399778771,-0.07802674459706366,0.0005311389807094429,-0.07264749093161443,0.005422579341504211,-0.07954987341151444,0.00028276648192395706,0.33621478840947455,6.567651847190994,-0.06812496005803825,0.0017904809196123126,0.0771136306286738,0.5653388798528697,-0.07336764489787771,0.0007948273724531027,-0.08017549644875066,1.6682735308924897e-06,-0.03524669748420637,0.617593649730237,0.2511876328729148,3.7865022017438124,-0.07886477461252525,5.6509588726449654e-05
zmiany w kapitale obrotowym,-5.3873654144790046e-17,1.0001843997787183,0.036707259242348966,0.0005188581868150438,0.08302292976450663,0.05436283136378255,0.045936147724485614,3.566859731157439e-05,0.0034387785254941764,6.64181028146933,0.04699452225839113,0.005923915373607398,-0.10927814511539347,0.3277177607203422,0.0465370905265353,0.0004720396115157049,0.04363413738889398,0.00019738954912450692,-0.14235996797963665,0.5387904821465722,-0.3714917159503817,4.952281540867257,0.04440514081281091,0.0002259780170865848
wartość firmy,6.09148916166015e-17,1.000184399778663,-0.07641144150265103,9.286656751180766e-06,0.0070675317124034185,0.907222800284395,-0.07670408519321041,5.085868226474376e-06,0.32898314160025327,5.715994667305394,-0.05564251352988915,0.018532617057041557,-0.03697234352881686,0.06986114053156978,-0.07602118246550116,1.4245036880891543e-05,-0.07652925150351378,3.4659090020844314e-06,-0.002550624054413658,1.3796576749036638,0.3027385591784709,4.450003284237245,-0.07556385461866573,8.321764088134844e-05
pozostałe wpływy/wyjścia gotówkowe,-1.8339967368439164e-17,1.00018439977871,0.014697576933748227,7.846147460062083e-05,0.0151624933917806,0.0,0.0151624933917806,0.0,-0.10324638470845669,8.460640383958212,0.0151624933917806,0.0,0.010294469671693111,0.017072331200141035,0.0151624933917806,0.0,0.0151624933917806,0.0,0.007804222308266523,0.01867931757941391,0.013697214290941919,0.0002962919123829363,0.0151624933917806,0.0
zysk przed korektami,3.01299463910072e-17,1.0001843997787472,-0.10685229470535178,0.00011445090016985556,-0.08991899010983061,0.19639841442286174,-0.11375400923432401,2.3345855147460714e-05,0.3984030957329914,4.138869080823515,-0.11413796344268817,0.002812685713439047,0.14334483099107093,1.526566352967071,-0.11285039819860197,8.769889087963589e-05,-0.1148644578214873,5.398683876257361e-05,-0.004353029264580252,1.9342866674885455,0.5037284299144369,5.475832333152184,-0.11428119801799982,4.876389307876812e-05
korekty,3.929993007522678e-17,1.0001843997787252,-0.07004368527067809,0.0004536135097920232,-0.03993239629007339,0.028353339020116327,-0.071222765427976,7.656195383644684e-06,0.39570434331047394,7.299721126598508,-0.05457698905124614,0.0028243701165282325,-0.06833339359302926,0.10181938261482322,-0.07080382515447828,6.523267015162567e-05,-0.07002528600881461,4.271044972405818e-05,0.015249277999361155,0.40065468094630424,0.07824194964808254,2.8185675673631696,-0.07066740135807252,2.2053655872796764e-05
gotówka z działalności podstawowej,2.0304963872200503e-17,1.000184399778693,-0.08731221601906283,0.00013920260605783125,-0.05019184042966584,0.08066798004280167,-0.0893556587050895,5.455866311752346e-06,0.44009233417048743,6.673773264912743,-0.07899373053815302,0.0014947643303981322,0.003281179883045015,0.4789583059189996,-0.08852204147984319,2.9140607995587513e-05,-0.08966732660407177,1.871650765085733e-05,-0.02432459099839891,0.9232319633244602,0.21147591392758208,1.988839792494084,-0.08960919292789653,5.61908997449865e-06
wpływ różnic kursowych na gotówkę i jej ekwiwalenty,7.597986481210511e-17,1.0001843997786466,-0.00982784339208295,1.895547435506352e-05,-0.027233239812513625,0.072170482924012,-0.009938779193229953,8.563637103646128e-08,0.13174978068872686,4.535068265326157,-0.007490825358157563,0.0003803986807632038,-0.007744752945428479,0.024773530421279763,-0.0099508527835425,5.310019927465711e-06,-0.009416145783637425,2.0829046209194172e-05,-0.08619776073955551,3.247645296341749,0.019068183979464668,6.628539665316391,-0.009913885452056827,8.798312724721932e-07
gotówka z działalności inwestycyjnej,-3.1439944060181424e-17,1.0001843997787454,0.09101020094620473,7.161918800173311e-05,0.07077484295107168,0.026909265705621802,0.09365858103174059,3.9423782122631856e-05,-0.44485783606005885,6.619786873377364,0.08101018303297855,0.0017975658472026838,0.0057876637177506525,0.25310032819239553,0.09172037208334817,5.790134699499611e-05,0.09137844878677728,8.26441935269988e-05,0.011060981913113036,0.827665502260673,-0.3153131049313888,3.529730820681191,0.0928077588975624,1.793940952143841e-05
netto gotówki z działalności operacyjnej,3.5697436484997657e-17,1.0001843997787676,-0.08175049565024876,9.844130239579263e-05,-0.04727328027140822,0.05656717732727527,-0.08331256119581938,7.26979450224842e-06,0.4173926095935965,6.783220312624661,-0.07358042190061842,0.0014299620815213232,0.0009327695856646437,0.5079123958459929,-0.08240589263687706,3.4335391261617454e-05,-0.08365637878162811,2.080079057184082e-05,-0.02881400857833837,0.7175370266718597,0.19538973360746167,2.2774445501834806,-0.08323091312724622,1.5956839635600157e-05
zysk operacyjny przed zmianą kapitału obrotowego,4.683241667297858e-17,1.0001843997786644,-0.09822080106169237,0.00019729133625394512,-0.0705433848472046,0.0998428293403833,-0.1024337740100365,3.349251007703871e-06,0.45193550065950716,6.356895761337324,-0.09201637029622724,0.0013382436944574959,0.028363297956863324,0.5432208707019734,-0.10171363086241796,2.952076282406902e-05,-0.10222783865153104,2.4463839028150586e-05,0.007531360216937929,1.1906987793852355,0.3025088359531172,2.0535600330129236,-0.10234437892953256,1.2500409054251052e-05
przychody finansowe z działalności pozostałej,3.602493590229122e-17,1.0001843997786994,-0.10572683361812496,6.260783306027813e-05,-0.07718318161242875,0.0803126959408388,-0.1090706482249196,5.907222370554553e-06,0.451785279115351,5.857449257097919,-0.089954468160914,0.001723503254101951,0.001448690324735117,0.4695908220438687,-0.1045219680288781,0.00022155267061315677,-0.10636864392044919,3.881353921280406e-05,0.009989654771611307,1.237946302373286,0.518193591095236,4.360437784059121,-0.10807141393516967,1.548654987555277e-05
koszty finansowe z działalności pozostałej,-3.667993473687833e-17,1.000184399778722,0.09683801225302369,0.0012264701983933882,0.0966422156027642,0.05480735686534432,0.10174862275042236,1.3737986941526076e-05,-0.44083040783426813,5.87020928093008,0.07404897684082291,0.0019841339080344475,0.0077452229741972155,0.286769810827413,0.09656612105939855,0.0001689123600364405,0.09862781400514337,0.0004794816134949276,-0.019963906730239102,1.408636089853439,-0.4049027848438554,4.676585394246388,0.09953827437101886,3.8979511671399065e-05
koszty amortyzacji,4.7159916090272136e-17,1.0001843997787163,-0.015292351003345934,5.635046493143106e-09,-0.014677569093361278,2.2795490423149127e-05,-0.015327309030007522,6.49285049139589e-10,0.10966071210558694,8.487296684040734,-0.015022644994501682,4.3086237425852877e-07,-0.013403799344580495,0.00038950330295818206,-0.015287897929236275,5.005265389224496e-09,-0.015287764554004874,7.399827395397632e-09,-0.014259771376050067,6.689073823315177e-05,-0.006555488396437468,0.0009474457948983804,-0.015311890080430287,2.1718406362972544e-09
udziały jednostki dominującej,3.209494289476854e-17,1.0001843997787214,-0.125552169636684,0.0002120728189791163,-0.11968195912651476,0.07933597838545015,-0.13637381713066904,4.8869050434568064e-05,0.48851535497246884,3.909921966232816,-0.13291817544957268,0.004742300437395536,0.21290583148892087,2.673366048382116,-0.1340588985696447,0.0001770013504437574,-0.13841646722568307,0.00011590324900786231,-0.02554159209937929,1.211977347905254,0.4680472314149478,4.271204528809552,-0.136851598091566,9.900417993402309e-05
koszty badań i rozwoju,-5.010741084591414e-17,1.0001843997786668,0.09311471390784803,0.0005221806280475387,0.08562434151667328,0.0017921613444687,0.09915201550582,2.451582443260419e-05,-0.36255000587211933,4.8420971791354726,0.09095250912870922,0.0017321116534508366,0.015462239734561959,0.2576780615377404,0.09721475661983044,0.0001341346551996508,0.09316701282335084,0.0003846547245453816,-0.11709538307074606,2.9188894267499874,-0.462228428392063,4.617117933634574,0.09850936509231133,1.8771867609902542e-05
udziały niekontrolujące.1,4.912491259403348e-17,1.0001843997787894,-0.04200488164186752,7.728763308593859e-06,-0.0055703348285474005,0.5252130916694134,-0.0424755572019709,1.701343983315724e-06,0.10758863193164833,4.0708354515189376,-0.03908549997667533,0.0005394324660236981,-0.01655906029120858,0.019230606866142266,-0.04233378365798487,7.83812320692318e-06,-0.042424024713071946,1.449960363934252e-06,0.03666698072539918,2.9356256895967108,0.43090481980749984,8.447091071770654,-0.04250539362336,2.2896735991162722e-07
zysk (strata) brutto,2.3579958045136068e-17,1.0001843997787199,-0.10873603719758478,0.000210640495035164,-0.07021486433385046,0.12037715540738964,-0.11314185828083448,4.616337278712286e-06,0.4814482382869277,5.435414190749918,-0.09562608581423815,0.0013087970645520254,0.007909406601389836,0.3283250804820359,-0.11056152007791492,2.3096879529544173e-05,-0.11144455285414656,9.108597781552257e-05,0.010331324075098429,2.1457277922770515,0.4426660936982973,3.504994419094308,-0.1122108644978729,6.848406592634974e-06
działalność zaniechana,0.0,0.0,0.0,0.0,0.0,0.0,0.0,0.0,0.0,0.0,0.0,0.0,0.0,0.0,0.0,0.0,0.0,0.0,0.0,0.0,0.0,0.0,0.0,0.0
pozostałe przychody operacyjne,2.2269960375961842e-17,1.0001843997787192,-0.1546134233054799,0.0010979019680506128,-0.12175037655901547,0.07408612263870192,-0.16742039745119972,1.7131679734066463e-05,0.6715018015290125,5.475236670910236,-0.13693564173663406,0.0032071071101160255,0.07838348176946962,0.9408871044882958,-0.16138279536276492,0.00017531624239757037,-0.16061222980623457,0.00022322751137915622,-0.02192318961292095,0.7424382160998553,0.7062679557919153,4.247904232567244,-0.16435959167732117,6.833104522684283e-05
pozostałe koszty operacyjne,-4.0609927744401006e-17,1.0001843997787163,0.11246179228213594,0.00013634946494220203,0.06453269010314386,0.10329036316368609,0.11666737896195244,8.951599984773667e-05,-0.4725974910216649,5.553968440834704,0.0961775025060923,0.004373251645033144,-0.011178757438227407,0.4315293418038147,0.11350122843768012,9.398114061953776e-05,0.11174382448282248,0.00011580971395373113,-0.019837140485238106,2.069696080618305,-0.4813408338187498,2.8343848432581,0.11482591820952062,8.091794013223913e-05
gotówka z innych działalności finansowych,-4.4539920751923684e-17,1.0001843997787156,0.10645918322676795,0.0007701835711252892,0.0464138523226032,0.1611192341544151,0.1078544098470169,5.630893383378879e-05,-0.40217346408128174,3.189982365815946,0.0968085474181404,0.01026551581967455,-0.039352207447649876,3.035670011740169,0.10846026958062155,0.0008938738656617066,0.10622671547603438,0.0001300226893443386,0.0034444412876489918,2.2393568307847547,-0.5912107197961208,2.910097247472125,0.1068096074398131,0.0003028316831648092
pozostałe przychody i koszty.1,6.877487763164686e-17,1.0001843997788187,0.03149159916003135,0.5135359696723214,0.016950026068425533,0.1281856809335469,-0.0026820832209684233,0.0045264935474592805,-0.05728661923177149,0.9700386282506631,0.04967261723146001,1.872816850248634,-0.003879373610271644,0.002243047252905453,0.03832862120833678,0.8782482046294039,-0.005172645249780558,0.0002738659611513917,-0.12491166465280508,5.27094654723862,0.26591489277673375,2.921584338288107,-0.00047826962566287884,0.00614138402394211
wzrost gotówki i jej ekwiwalentów,-5.501990210531749e-17,1.000184399778708,0.0149136392267143,0.0,0.0149136392267143,0.0,0.016529349591133512,0.00278110872366543,-0.11417287764310693,8.480514869969937,0.015011024504967451,0.00011711693820861255,0.013887974501729938,0.0005733335298020982,0.01491035950151841,4.808199020166882e-09,0.0149136392267143,0.0,0.0149136392267143,0.0,0.014913639226714301,0.0,0.0149136392267143,0.0
aktywa trwałe,3.7334933571465444e-17,1.0001843997787245,-0.11880251454997723,3.4808515079831654e-05,-0.09093670302662471,0.07078531338613658,-0.1213446376941362,1.001356326792719e-05,0.5286130759049597,5.284858623197559,-0.1000572511563268,0.0011883176269363942,0.024654931753955694,0.9643464555826912,-0.11666257629377218,4.080449795794336e-05,-0.11941042879027451,1.0836982761696039e-05,-0.041152547630918815,1.2880685321736614,0.5676098619915028,4.434217443145617,-0.11966599528232712,1.0697087778003637e-05
zysk (strata) netto działalności zaniechanej,5.1089909097794814e-17,1.0001843997787532,-0.025249725609706435,0.0002143377295477691,-0.02099175572102111,0.005100167803958341,-0.023384282788124985,0.00146064483272525,0.12954023431558365,7.883338483711287,-0.02447648527852251,0.0041881811247553614,-0.0006393887899341163,0.23125821165895472,-0.026876977585775876,0.0007949806215110229,-0.025774648054750878,0.0001724896373458989,-0.018607905748246018,0.005155118122977638,0.10143538541841068,1.7857710801118316,-0.024297084993048654,5.432140353283213e-05
zysk (strata) netto za okres,4.191992541357523e-17,1.0001843997787245,-0.11100229138106645,0.00012531928290895688,-0.09414034898784833,0.19437432049404774,-0.11950219686577974,3.069978592156118e-05,0.4129314015461814,4.088722265354879,-0.11569087602516588,0.0029361419732478605,0.15847260661091622,1.5985097677796527,-0.1176700213600664,0.00011027120241498605,-0.12105906992676807,6.911762852524641e-05,-0.007145265835773482,1.9134458042794011,0.506638777121485,5.398305511469827,-0.11988053833092699,5.91202495128428e-05
stan gotówki na początek okresu,2.816494988724586e-17,1.000184399778722,-0.07188003773148326,2.1335382895632814e-05,-0.05537853306531841,0.02842263606156872,-0.07348651655011955,4.7437416012471436e-07,0.3482950514861159,6.6048623631903975,-0.06788527862871897,0.00033252861302142915,-0.024103190557002035,0.03095658301593499,-0.07294203602730515,4.201868614701089e-06,-0.07298099273210419,6.20267202113538e-06,0.01270022467593517,1.7594273199305739,0.28050420779379875,1.6582847245594545,-0.07325557375042296,1.992436455479187e-06
rozkład zysku/straty okresu,0.0,0.0,0.0,0.0,0.0,0.0,0.0,0.0,0.0,0.0,0.0,0.0,0.0,0.0,0.0,0.0,0.0,0.0,0.0,0.0,0.0,0.0,0.0,0.0
stan gotówki na koniec okresu,2.1287462124081174e-17,1.0001843997787492,-0.07779874889559642,4.3696160524568704e-05,-0.05471882490371263,0.05439552557551349,-0.0801815299767535,9.392748011164756e-07,0.36646738916546306,6.5691070863241485,-0.07192332311034672,0.0010303199707632244,-0.007445343705833458,0.13143722345507916,-0.07930250896061475,1.1339399926814351e-05,-0.07960664456921404,4.991355923078058e-06,0.0056591395604485475,1.5586289629305872,0.29439584323360274,1.9678180721558551,-0.0799852865834553,2.0443826633366687e-06
aktywa obrotowe,3.53699370677041e-17,1.0001843997787212,-0.07710023353612626,4.4650695420206115e-05,-0.06057562202901486,0.012988603120384976,-0.07966267636022353,9.048915360578289e-06,0.3552930580753909,6.364163441285439,-0.06851632829931452,0.00034872268433293503,-0.019711540414283402,0.07770900977939488,-0.07767961139853388,1.2524120104511844e-05,-0.07773269378374682,8.185392264288861e-06,0.012047049152899982,1.4673371791365089,0.3553222102093547,3.5765572599822115,-0.07866764104595902,1.703963656583106e-05
zysk (strata) z działalności operacyjnej,3.471493823311699e-17,1.0001843997787172,-0.10296658325193704,0.0007403359302485863,-0.09944129269975244,0.016287438278509574,-0.1108971433123503,1.6072788800969107e-05,0.43372280125033397,4.550026595340815,-0.09511868213491785,0.001841213093154252,0.053652827693296185,0.470131944376291,-0.10837344871735884,5.462169083274277e-05,-0.11104857263969736,0.0003894674742806748,0.023360420375609172,2.7602499329115906,0.4700432947202719,5.3565955710303665,-0.11010950179712105,1.568111777170902e-05
pozostałe przychody i koszty przed zyskiem operacyjnym,4.977991142862059e-17,1.0001843997786373,-0.024199454310269656,2.7473600770827694e-05,-0.024621274678791653,0.00024841119543035243,-0.02391826154340598,2.5884943436974492e-08,0.20207464342308254,7.6620557045868285,-0.05898387011792052,0.737612602400597,-0.008906523325936831,0.05378390256235077,-0.023892375567918487,5.152921988654547e-07,-0.023994711787809292,1.2180475243009113e-06,-0.022512168823112043,0.0010067673677741776,-0.027796064825729418,0.0020686490407761052,-0.0239243455125035,0.0
"przychody z odsetek, opłat, prowizji i inne",5.239990676696904e-18,1.0001843997787294,-0.03188722699428661,0.007833837407992648,-0.03555963935260778,0.00046974906933371443,-0.03625644067175228,5.120991133848067e-05,0.1825135116586327,7.2929521038003084,-0.03302645489455331,0.007115626098144458,-0.03125380298626382,0.005710024419901031,-0.03665625629528573,6.865390828902998e-11,-0.0366571349247879,0.0,0.015622247094707888,0.7614210780567957,0.14825264774159236,2.6557606807324543,-0.036466710208568454,2.2890505264874193e-06
"koszty z odsetek, opłat, prowizji i inne",-1.964996503761339e-17,1.0001843997787114,0.02754917631570659,0.011397925566876127,0.03204296065517598,0.0006299354654479789,0.03282713512845534,8.5316428721267e-05,-0.18264063719934998,8.055747241140947,0.028826925187975035,0.011618908250305789,0.028627426275205942,0.005040232172515243,0.033313611046697694,1.1458465472439358e-11,0.0333138735832128,0.0,-0.004612069463801681,0.2625214742197801,-0.08016181386130314,0.8532879569646908,0.03307884240006623,3.5070085935999778e-06
zysk (strata) brutto z działalności sektora finansowego,6.156989045118863e-17,1.0001843997787574,-0.03625269384398677,0.0009797196968362799,-0.03740480318164033,0.00010108703933070462,-0.03777994321671887,4.8749125158370035e-06,0.15043867469660865,4.587752917494073,-0.03689161589519651,0.00026230878927615235,-0.031814109092329304,0.007695158382832559,-0.037911799184878664,7.088345373081123e-10,-0.037913933816362,0.0,0.03807271203228809,2.585789046886665,0.27812606975425264,8.864529619810291,-0.03785845250974146,2.4236181043868176e-07
inne zyski (straty) z działalności sektora finansowego,4.191992541357523e-17,1.00018439977913,-0.0083802822951286,0.0,-0.0083802822951286,0.0,-0.00809999669658009,2.9365819218428277e-05,0.10321918703449166,7.958388153423178,-0.04936928874277845,0.5245369703733295,-0.0083802822951286,0.0,-0.0083802822951286,0.0,-0.0083802822951286,0.0,-0.0083802822951286,0.0,-0.0083802822951286,0.0,-0.007446678965668062,0.00020308633618969373
zmiana zobowiązań finansowych,4.0609927744401006e-17,1.0001843997787399,-0.07850323493236419,0.0005815553362642771,-0.06195692211051187,0.08408238026982742,-0.07963474166273665,6.600455829710894e-06,0.2516729657265804,6.1578533906766575,-0.07218723586853142,0.006599076512782864,0.03861122260578584,0.6995144476909713,-0.0782655677060835,0.00031361999321988503,-0.07444356154841204,0.0003448361982521505,0.05332855972253033,1.2647905545248457,0.4798138786224425,2.718553745463278,-0.07806306702915822,9.492544329497018e-05
gotówka z działalności finansowej,-2.3907457462429626e-17,1.0001843997787396,0.023907416887243637,0.0005053967770266421,-0.0023877256559459463,0.02962352056858033,0.01983635949145654,3.079928529170818e-05,-0.21475999690141248,6.0101358246192,0.021920367239844245,0.009074728769561401,0.035768008466100024,2.198780954197545,0.022130887409896216,0.00036680123216898785,0.024730832695716267,0.00044673468540413683,0.06459579579722627,0.08286518060358661,0.13143656462320877,2.185924102415054,0.020814870674501204,0.00022553826331683894
zysk/strata operacyjna przed kosztami finansowymi,4.29024236654559e-17,1.000184399778778,-0.10177651805717707,0.0006148897501967437,-0.09808453246432838,0.014096484151941294,-0.10813410770761038,1.4495939353358e-05,0.4332161582719496,4.446101524505407,-0.10010691581331116,0.0012578142888836831,0.0783584048998464,0.8395129977192016,-0.10627932087033044,4.845503445881655e-05,-0.10845049317249544,0.00028984190477511653,0.011362866047172246,2.4492505994176943,0.3920170408825715,5.541686388699346,-0.10785802619105082,9.744760253154666e-06
koszty finansowe,-3.667993473687833e-17,1.0001843997787199,0.09673897289865596,0.0012264599807420404,0.09666867403951683,0.05479787207774642,0.10166148707414478,1.3751596730512359e-05,-0.4406164444558635,5.870436913089056,0.07430870858321227,0.001973301414108702,0.007646554734005597,0.28676742176492453,0.09650344453628369,0.00016887139906405469,0.09855325201046748,0.0004795365964919995,-0.020062459548622475,1.408624354588726,-0.4049997342072818,4.676546433887535,0.09951825932509091,3.6130719328150845e-05
koszty ogólnego zarządu,-2.7509951052658746e-17,1.0001843997787185,0.08760296543926942,9.00722248182488e-05,0.06101332595221342,0.04623868371426544,0.09059682456563618,1.1193703455855945e-05,-0.4136794957931673,6.8497851922504,0.0743570602989225,0.001395754806397042,0.01725109939125364,0.09512150512965468,0.08771027847418918,3.06503824990226e-05,0.08823349089669023,1.3100098772141787e-05,0.005135410158893701,0.9675677151231691,-0.3632506503580895,2.6524871616198618,0.08925895607983242,1.2992463859359882e-05
zysk na akcję,6.680988112788553e-17,1.0001843997786743,-0.026751303135096587,1.9052508069043583e-05,-0.026786951941374874,1.240529108087791e-05,0.005670694154833793,0.9597555942670859,-0.027071380127524882,9.601797527889953e-09,-0.025709532392321335,0.0004905867248605605,-0.025774240326612772,0.00019408100410692574,0.10007452285865223,7.221399503178596,-0.02666551772586169,3.480332575118645e-05,0.06753416266137773,1.9749494285931184,-0.02707821154139846,5.2471892696038664e-08,-0.027096545462581972,6.00160628985445e-10
źródła (pasywa),0.0,0.0,0.0,0.0,0.0,0.0,0.0,0.0,0.0,0.0,0.0,0.0,0.0,0.0,0.0,0.0,0.0,0.0,0.0,0.0,0.0,0.0,0.0,0.0
odprawy pracownicze,3.274994172935565e-17,1.00018439977872,-0.10907536635799361,0.00011055680860558168,-0.07081024038561275,0.04867739322779866,-0.11378224401055578,2.7126835188934668e-05,0.40426494459785206,3.4524965382873947,-0.0863840555175974,0.005022119335544273,0.037110485777785314,1.2429674486697653,-0.10837586011689146,0.0001560449367092836,-0.10895794853259888,8.740509041227007e-05,0.02473253232723299,2.658631703462306,0.5859814171946071,7.661065692228417,-0.11089280979269997,7.832170992884654e-05
zobowiązania krótkoterminowe,4.4539920751923684e-17,1.0001843997787208,-0.06566452151338235,8.149490614651333e-06,-0.050955284784740436,0.009501082006860064,-0.06664872529656068,7.900334276335801e-06,0.2954656693606737,6.315104180913709,-0.05888135635242872,0.00021849588318959373,-0.024936236220757375,0.06356149903113681,-0.06539223913431186,1.2060852027326732e-05,-0.06515400881105465,5.97494809437628e-06,0.013090323624730374,1.4795762307980584,0.34157478554900306,4.062217943564539,-0.06616603929329906,1.333613672923976e-06
zmiana gotówki i jej ekwiwalentów,1.8994966203026277e-17,1.0001843997786657,-0.0400590980640102,0.00011502271343735943,-0.023943923960832468,0.022727048153074695,-0.042082592765469946,2.125002689166488e-06,0.21588156644370524,7.44890350545855,-0.03548174822538348,0.0019601956782373457,0.021416900837763653,0.38176281384832617,-0.04128056403283243,4.990456074707232e-05,-0.041947719521452445,2.808150188176997e-05,-0.04019375774512081,0.10602501147222956,0.06998815461078474,2.668837410507612,-0.042195248737914075,6.034961761663782e-06
zysk/strata z działalności operacyjnej netto,4.191992541357523e-17,1.0001843997787236,-0.09132793853308682,0.00039933253518785873,-0.08027362656788796,0.016628111362978315,-0.09657755325624387,4.14062536324933e-06,0.3789134785704388,4.75418060828583,-0.08326524780490843,0.0012320616514202892,0.03173023493949082,0.2840496224954199,-0.09479667762519803,3.207921548537441e-05,-0.09682419325910348,0.00033722621944917865,0.033954950224782225,3.217666235568948,0.40568087615098153,3.881448427896172,-0.09603971641951231,8.679872629011586e-06
netto YPP (w tym zabezpieczenia),-3.929993007522678e-17,1.0001843997787174,0.034301078560556975,6.850739382724901e-05,0.017465757428671642,0.009107644908197711,0.03285816017523737,9.782290794936656e-06,-0.16745297497442954,0.9101125260877996,0.11094583889630534,5.837709657995988,-0.052765823964240656,1.3183905645743903,0.03087024522691406,8.845528474613094e-05,0.028723279039913837,0.00014753773563108385,-0.011194777241494262,0.2727159266535913,-0.1485277944859862,1.4471187558069734,0.03186477006831073,3.987891131092745e-05
netto pozycja walutowa,-4.191992541357523e-17,1.0001843997787232,0.06413323602305233,4.214308814304188e-05,0.03917717447469737,0.04164969790183531,0.06276893372981202,1.0219600297754163e-05,-0.3140388521300747,3.1314162385219437,0.11903245094513064,3.7351052796542707,-0.008197317100724313,0.5219045206888987,0.060772845174509725,7.462999264719683e-05,0.05879687662640301,9.626565523755673e-05,-0.001085786833651212,0.7259190301835814,-0.3405710442144898,1.9843594621850789,0.06184955909420024,3.388675134998377e-05
netto monetarna pozycja aktywów/(zobowiązań) walutowych,-4.1592425996281677e-17,1.0001843997787094,0.044511666971761704,2.4933770260127734e-05,0.02585790625265675,0.024509978069567482,0.0437794827621247,2.324906852200651e-06,-0.24542899843241675,5.539399206739602,0.09019180772025981,2.205034996257669,-0.01965947142144274,0.46781561648905345,0.04221499090899597,3.5177737351860585e-05,0.040881476034872424,5.1795548228569815e-05,0.009511333138558306,0.143858853091548,-0.12371594991084822,0.6219667032427464,0.042853907116177155,1.5044140451241273e-05
koszty sprzedaży i dystrybucji,-3.1439944060181424e-17,1.0001843997787228,0.11118844381631794,4.2134058494360594e-05,0.03202135590595435,0.5110948864568162,0.11341587627874772,4.073047527893474e-06,-0.5194235660326493,5.981515796872961,0.09575672055612498,0.0027120181758275887,0.014132771719584946,0.4930569076096831,0.11077938413375522,4.305634888828937e-05,0.10992135215183317,3.581275794383786e-05,0.02660177056048134,0.5505789671210828,-0.3833526638898336,4.683034836576302,0.11252315346913921,1.1591399081059931e-05
przychody ze sprzedaży,2.619995338348452e-17,1.000184399778721,-0.12643738348410868,4.7216855725778374e-05,-0.07268761890965407,0.11154503077087836,-0.1298276095844794,1.0135602243822566e-05,0.5682890227000391,5.966221098764387,-0.11127898945484045,0.0014768534189252688,-0.0017754545086859559,0.4528048310508418,-0.1266279597140282,5.342514783824578e-05,-0.1263755203326886,5.198179744622509e-05,0.039001710263286596,1.712846761354414,0.3692721237472442,1.6250442959092706,-0.12930781866350516,7.419975041253829e-06
koszt własny sprzedaży,-3.1439944060181424e-17,1.0001843997787203,0.12241208400341387,5.261237068916217e-05,0.07019037885556213,0.08862790696507794,0.1253511186096995,1.2882063058517495e-05,-0.5507539209252084,6.079300694316616,0.10834947021320039,0.0014118465896079903,0.008068032641951918,0.40363435967053096,0.12232669748855161,6.056154563922521e-05,0.12178973324019492,9.103636138532837e-05,-0.04742283035140703,1.74361085128553,-0.343137945467228,1.383053055436495,0.12501155333518074,7.02609916539722e-06
wolne przepływy pieniężne,2.161496154137473e-17,1.000184399778723,-0.05484426198074777,0.0001577263610174596,-0.0150916106304776,0.06810090816373243,-0.05505937737592352,1.015580911375517e-05,0.298165902455741,6.172005909409153,-0.05019173024716505,0.002959100425463773,0.006878553886453799,1.6974872155660437,-0.05530177765197854,9.84336374133063e-05,-0.057729095769552805,0.00015061197414918993,-0.03858207736747454,0.41255640892851186,0.041503993634970336,1.956062818320976,-0.05570053289522267,5.9463792269343104e-05
zwiększenie kapitału,8.907984150384737e-17,1.0001843997787287,-0.0659216149843258,0.11910647543789603,-0.08601279752660632,0.035725580607784004,-0.11609850908052638,3.79965374555233e-05,0.3376417974238158,5.826140201926875,-0.07320305451109464,0.03625496414594402,0.06913386767896006,0.4786870358274297,-0.10874886038208015,0.0017260148110146208,-0.11548415802448356,0.00013513458851905638,-0.00755586554520212,0.2191049001808194,0.7933529510265918,7.738946208365159,-0.11676553847103374,9.749457077160781e-06
rozwodniony zysk na akcję,5.501990210531749e-17,1.0001843997786122,-0.014904520217204677,0.023164406882568527,-0.0296020344998412,0.00036967148582321935,-0.0317979668346186,0.006655493046481782,-0.028199651426372443,0.00010814059226713759,0.14561937117157084,7.83093599461804,0.029577185739031033,0.4892094326887359,-0.021440794123937287,0.0268794878837913,-0.030482937271625064,1.6181141480137918e-05,-0.011535759597050709,0.14151599394470166,-0.029927325782318406,0.0007348489236554343,-0.03049957786185938,2.411828629911344e-06
zysk/strata,4.2247424830868787e-17,1.0001843997787194,-0.11027595102924176,0.00012501061489945232,-0.0935415275474519,0.19298094271811236,-0.11887675118713764,4.501433132690876e-05,0.40877785845895936,4.07893567555626,-0.11500894686785892,0.0029583183338447363,0.15893361197586456,1.6072183412080048,-0.1168955609356843,0.00010736790062468785,-0.12033888646396128,6.846003517479517e-05,-0.006405165392078963,1.9240186023820578,0.5038890921765247,5.3980730269737505,-0.11921741899351349,5.9208849022504915e-05
zysk (strata) przed opodatkowaniem z działalności kontynuowanej,2.619995338348452e-17,1.0001843997787205,-0.10610433418695935,0.0001111218150747877,-0.0889417409705566,0.1746300519871797,-0.11412889272180106,5.812498375130289e-05,0.4345606514146462,4.069545867593525,-0.10871916630236594,0.0022274571039667796,0.11012912513813426,1.199008973209116,-0.11234392548005563,0.00010109446885369001,-0.11537686857736498,5.95127389634096e-05,0.0020977034333844063,2.3905054266464942,0.4176572357549121,5.5373543291945655,-0.1142924624849191,3.585551208625779e-05
działalność kontynuowana,0.0,0.0,0.0,0.0,0.0,0.0,0.0,0.0,0.0,0.0,0.0,0.0,0.0,0.0,0.0,0.0,0.0,0.0,0.0,0.0,0.0,0.0,0.0,0.0
przychody (koszty) podatkowe działalności kontynuowanej,-3.274994172935565e-17,1.0001843997787174,0.06377155034653591,0.00014759438915478473,0.050151980305474256,0.06054627849685406,0.06782327858434471,9.292766877363407e-05,-0.38989903823901906,3.7157999928356027,0.05930787252908522,0.0010114699112416527,0.06714440204098825,0.9703539184596307,0.06712795991071295,0.00022941719465387574,0.06807852482904198,6.563357216598538e-05,-0.026779862303108592,2.7460688887531943,-0.04178691149731204,7.753722801570628,0.06740974150419755,1.635404234308284e-05
zysk na akcję z działalności kontynuowanej,8.514984849632469e-18,1.0001843997788211,-0.0174393447312901,0.021906292528828086,-0.030291633747328784,0.0003604894567758763,-0.02864606908654078,0.011764965251060733,-0.028826948893785308,0.0001080885969873396,0.14401591413282916,7.822555129887576,0.029021210749102678,0.4886416372722759,-0.02266225290047448,0.027047550213133868,-0.030909413864903694,1.6850521512124995e-05,-0.012125873976430444,0.14135338660992197,-0.03050240356632632,0.0007337930624132771,-0.031097226114904484,9.302742983878679e-06
rozwodniony zysk na akcję z działalności kontynuowanej,1.8339967368439164e-17,1.0001843997787636,-0.016706412408608866,0.021934296513338485,-0.029586074591628094,0.0003607142050278309,-0.03174062197692419,0.006652318462909471,-0.028038461337655037,0.00010820394256017847,0.14579861504621552,7.831538854588282,0.02972153104099689,0.4892511649643295,-0.021251509807186916,0.026881356159057256,-0.030244876092617504,1.5255122469154926e-05,-0.011394766778267196,0.14152801022521452,-0.02975856948981359,0.0007349658930901434,-0.030320355047725744,2.41201359413042e-06
suma pasywów,3.7334933571465444e-17,1.0001843997787216,-0.09686542635835108,3.5274960513647516e-05,-0.07503759868125426,0.03341580420688205,-0.0994603632198355,9.327209191239295e-06,0.4380031485017406,5.976347993474391,-0.08363080425419159,0.0005723452380203656,-0.00033240498405890436,0.34403488595554726,-0.09624382594043486,1.6116266617384003e-05,-0.09749723478801661,6.1326230418728865e-06,-0.011378663050710022,1.4314779080518985,0.4553344185890098,3.9244426052806927,-0.09814568398048386,8.407329576641292e-06
suma aktywów,4.0609927744401006e-17,1.0001843997787203,-0.0968654263593797,3.527496051365463e-05,-0.07503759868228067,0.03341580420688882,-0.09946036321659717,9.327209192165791e-06,0.43800314850076616,5.976347993475598,-0.08363080425521886,0.0005723452380204809,-0.00033240498509476006,0.34403488595561954,-0.09624382594146343,1.6116266617387272e-05,-0.09749723478904532,6.132623041874141e-06,-0.011378663051710786,1.4314779080521858,0.45533441858803714,3.9244426052814876,-0.09814568398151262,8.407329576643016e-06
wypłaty dywidend,-6.353488695494996e-17,1.00018439977869,0.08396620055811768,7.147427172980844e-05,0.07746676802071334,0.005150401318535004,0.08637141052919252,5.9143443579132025e-06,-0.45470856529184067,7.431186978947813,0.080378417632593,0.000671830114988239,0.0190043374988796,0.132488285027529,0.08579092487676458,1.7563632670892724e-05,0.08644369819458521,1.1864532902723986e-06,0.0044401730122522855,0.6714625207573733,-0.18872635283126238,0.8895884007355378,0.08626833860776563,7.5993700917848705e-06
zysk (strata) brutto z działalności handlowej,3.176744347747498e-17,1.0001843997787205,-0.1336716242216233,4.846283239632966e-05,-0.07778917034887944,0.24693112088566263,-0.1390295390870111,5.210330102690863e-06,0.5979406970574391,5.61237332495616,-0.11451755548111528,0.0026169081293834777,0.030710699211019387,0.668061704349279,-0.13527985125111813,4.6892805302572725e-05,-0.13651538300474286,0.00018684132599394872,-0.008315716073620508,1.2992339867458316,0.4644055843168767,3.1936061810964986,-0.1376497257594498,1.4117919722839782e-05
inne zyski (straty) z działalności handlowej,5.763989744366594e-17,1.0001843997787307,0.008062469080346617,0.17547026919542855,-0.0006825657465382804,0.6759736406131794,-0.01831958042853944,0.2710433173596185,-0.0423150740202659,0.0,-0.043038191184873495,0.00016837288969049545,-0.0423150740202659,0.0,-0.0423150740202659,0.0,-0.0423150740202659,0.0,0.17588089861273068,7.991431345529141,0.3868880563230758,6.231496080030889,-0.04331595507428285,0.0002334107520395876
zobowiązania długoterminowe,2.816494988724586e-17,1.000184399778719,-0.12584159112855695,5.1265895679987086e-05,-0.08945735078327866,0.09630882255445614,-0.12788098115271238,7.485193835788635e-06,0.5327990141936617,4.703128512197409,-0.10058434291146698,0.0029629562418885826,0.024443449046568925,1.4354412683879856,-0.12402771551376973,9.736882881411662e-05,-0.12455292090932417,4.274611082054681e-05,-0.038252456831871395,1.1136004072300851,0.6614754141372946,5.63876498992949,-0.12642007196193186,1.671684281440777e-05
pozostałe przychody i koszty przed opodatkowaniem,4.322992308274946e-17,1.000184399778795,-0.08380690099285318,0.0005483477205058655,-0.08210185014986876,0.0022899925385425697,-0.09215888816437605,0.00021380885948986018,0.42713492131965586,2.775791821314682,-0.08198224394156774,0.002019713792634055,0.18746194252412815,5.078866757970039,-0.08647216086647258,0.0004817413878694458,-0.09030337581583617,0.0001099311553872359,-0.05821587430172944,0.10175161600540694,-0.21994926487125935,4.8638774277147645,-0.09056260543733456,7.886401057894043e-05
wpływ różnic kursowych na netto gotówkę i ekwiwalenty,2.9147448139126527e-17,1.0001843997787119,-0.049578219681499267,0.00021889914741506276,-0.016344295396242076,0.13519637774136217,-0.052321756195379196,4.303907565561677e-06,0.21754502596196015,6.904723603789396,-0.044755489889115985,0.003281747652464232,0.034360557121135143,0.7006882102093831,-0.05120415267784334,9.21795468966194e-05,-0.052470003672140775,7.159479212526545e-05,-0.0006864332967446194,0.5843989648874796,0.08417236034833711,1.9043272889943432,-0.052493572170372454,1.3166780259849402e-05
sprzedaż zagraniczna,2.4726206005663516e-17,1.0001843997786735,-0.09645650025151994,2.445338251028416e-05,-0.0699842697722684,0.09334668161246837,-0.09836693132723082,2.828262357920326e-06,0.36033879859522794,3.7509008947683076,-0.08645876853936649,0.0013870335938285427,0.036129999830010626,2.453651242066218,-0.0966445140334087,2.2333628018892662e-05,-0.09601947634490433,3.032458972379398e-05,0.05518223544510311,2.323161312112218,0.4236932926723707,2.9043871805481394,-0.09781326517406194,7.25737140659272e-06
sprzedaż krajowa,3.864493124063967e-17,1.0001843997787163,-0.09942396925019814,9.45642994070835e-05,-0.04850562122695138,0.1372276862051778,-0.10264439408508645,1.097800452999504e-05,0.46671695530584195,6.455572632464666,-0.08563866870254713,0.0011269429599208153,-0.016166703596272657,0.07618723956842927,-0.09900410058928633,7.174634494697936e-05,-0.09902743394763378,5.162176914563427e-05,0.020567768829391247,1.7421351075711955,0.26166952402430577,1.3789696690851603,-0.10163433972627749,1.6559910777236478e-05
udział w zyskach/stratach inwestycji wycenianych metodą praw własności,4.1592425996281677e-17,1.0001843997787814,-0.04901185216391277,7.230494024503459e-05,-0.04637108427980199,0.0019100662464227951,-0.04954062470347727,6.015643083021909e-05,0.19164084260218311,6.687302640907905,-0.048771767380286324,0.000365099765460057,0.045747995648619276,0.33784725289174095,-0.04872738112961216,6.018428623859177e-05,-0.04989155175053966,4.5996286010008716e-07,-0.006558395434682335,0.7827838597950751,0.23783269964438017,4.045245805884505,-0.04936042212783256,1.1105966197737221e-05
kapitał własny,2.161496154137473e-17,1.0001843997787205,-0.14461603209086546,0.0002485019058872325,-0.1159632701784656,0.09894242092869696,-0.1511637173481906,1.866284529334018e-05,0.676416838924776,5.302484109440213,-0.12343466514375004,0.0018367836370866931,0.049860010044843195,1.181099306557298,-0.1438279104517992,0.00010677356673126148,-0.14905538713736097,1.7156074687420843e-05,-0.05807231782924031,1.0473457907132502,0.5593303252263727,3.2351667435783913,-0.14802726054562756,0.00010099553400340908
